{"E_E": 7.9191540329180174, "E_I": -6.957728545904893, "b_etas": 5.718740867244332e-05, "dt": 0.3720993153686558, "f_etas": 0.08191038650038539, "g_A": 0.027387087581503825, "g_B": 0.41175612682660256, "h_l_1": 192, "h_l_2": 216, "h_l_3": 283, "h_l_4": 227, "h_l_5": 352, "h_l_6": 126, "l_f_phase": 44, "l_f_phase_test": 51, "l_t_phase": 34, "lambda_max": 0.32519144071013806, "noisy_symmetric_weights": 1, "num_layers": 2, "tau_L": 8.188608934509272, "tau_s": 4.202978274702147, "update_feedback_weights": 1, "use_apical_conductance": 0, "use_broadcast": 1, "use_conductances": 1, "use_feedback_bias": 1, "use_sparse_feedback": 0, "use_spiking_feedback": 0, "use_spiking_feedforward": 0, "use_symmetric_weights": 1, "use_weight_optimization": 0}