{"params": {"ch_1": 47.0, "ch_2": 3.0, "ch_3": 21.0, "ch_4": 12.0, "ch_5": 9.0, "k_1": 3.0, "k_3": 5.0, "k_2": 5.0, "k_5": 5.0, "k_4": 6.0, "batch_size": 214.0, "padding": 3.0, "stride": 1.0, "num_layers": 2.0, "learning_rate": 0.0342924530697983}, "target": 0.11916264090177134, "datetime": {"delta": 0.0, "elapsed": 0.0, "datetime": "2019-01-01 18:00:32"}}
